{
  "id": "5006485",
  "name": "ProjectManage",
  "font_family": "iconfont",
  "css_prefix_text": "icon-",
  "description": "",
  "glyphs": [
    {
      "icon_id": "6676309",
      "name": "人像-1",
      "font_class": "-renxiang-",
      "unicode": "e61a",
      "unicode_decimal": 58906
    },
    {
      "icon_id": "1305461",
      "name": "表格",
      "font_class": "biaoge",
      "unicode": "e63e",
      "unicode_decimal": 58942
    },
    {
      "icon_id": "8656935",
      "name": "总览1",
      "font_class": "zonglan-copy",
      "unicode": "e65e",
      "unicode_decimal": 58974
    }
  ]
}
